YEAR,STATE,HONEY
2019,ALABAMA,42
2019,ARIZONA,46
2019,ARKANSAS,55
2019,CALIFORNIA,48
2019,COLORADO,46
2019,FLORIDA,45
2019,GEORGIA,33
2019,HAWAII,80
2019,IDAHO,32
2019,ILLINOIS,39
2019,INDIANA,55
2019,IOWA,55
2019,KANSAS,79
2019,KENTUCKY,41
2019,LOUISIANA,72
2019,MAINE,35
2019,MICHIGAN,50
2019,MINNESOTA,59
2019,MISSISSIPPI,80
2019,MISSOURI,43
2019,MONTANA,86
2019,NEBRASKA,52
2019,NEW JERSEY,28
2019,NEW YORK,58
2019,NORTH CAROLINA,42
2019,NORTH DAKOTA,65
2019,OHIO,67
2019,OREGON,32
2019,OTHER STATES,47
2019,PENNSYLVANIA,50
2019,SOUTH CAROLINA,47
2019,SOUTH DAKOTA,72
2019,TENNESSEE,57
2019,TEXAS,60
2019,UTAH,29
2019,VERMONT,48
2019,VIRGINIA,39
2019,WASHINGTON,35
2019,WEST VIRGINIA,37
2019,WISCONSIN,47
2019,WYOMING,56
2018,ALABAMA,45
2018,ARIZONA,38
2018,ARKANSAS,50
2018,CALIFORNIA,41
2018,COLORADO,48
2018,FLORIDA,49
2018,GEORGIA,34
2018,HAWAII,103
2018,IDAHO,31
2018,ILLINOIS,41
2018,INDIANA,46
2018,IOWA,49
2018,KANSAS,73
2018,KENTUCKY,41
2018,LOUISIANA,83
2018,MAINE,32
2018,MICHIGAN,44
2018,MINNESOTA,61
2018,MISSISSIPPI,87
2018,MISSOURI,45
2018,MONTANA,92
2018,NEBRASKA,59
2018,NEW JERSEY,31
2018,NEW YORK,48
2018,NORTH CAROLINA,33
2018,NORTH DAKOTA,72
2018,OHIO,73
2018,OREGON,35
2018,OTHER STATES,39
2018,PENNSYLVANIA,44
2018,SOUTH CAROLINA,48
2018,SOUTH DAKOTA,47
2018,TENNESSEE,46
2018,TEXAS,56
2018,UTAH,41
2018,VERMONT,48
2018,VIRGINIA,40
2018,WASHINGTON,43
2018,WEST VIRGINIA,37
2018,WISCONSIN,45
2018,WYOMING,56
2017,ALABAMA,45
2017,ARIZONA,40
2017,ARKANSAS,68
2017,CALIFORNIA,41
2017,COLORADO,43
2017,FLORIDA,43
2017,GEORGIA,32
2017,HAWAII,131
2017,IDAHO,44
2017,ILLINOIS,46
2017,INDIANA,52
2017,IOWA,58
2017,KANSAS,79
2017,KENTUCKY,38
2017,LOUISIANA,81
2017,MAINE,33
2017,MICHIGAN,45
2017,MINNESOTA,62
2017,MISSISSIPPI,86
2017,MISSOURI,65
2017,MONTANA,72
2017,NEBRASKA,63
2017,NEW JERSEY,28
2017,NEW YORK,56
2017,NORTH CAROLINA,41
2017,NORTH DAKOTA,74
2017,OHIO,73
2017,OREGON,40
2017,OTHER STATES,43
2017,PENNSYLVANIA,46
2017,SOUTH CAROLINA,34
2017,SOUTH DAKOTA,57
2017,TENNESSEE,41
2017,TEXAS,66
2017,UTAH,31
2017,VERMONT,54
2017,VIRGINIA,35
2017,WASHINGTON,45
2017,WEST VIRGINIA,40
2017,WISCONSIN,56
2017,WYOMING,53
2016,ALABAMA,52
2016,ARIZONA,46
2016,ARKANSAS,69
2016,CALIFORNIA,36
2016,COLORADO,40
2016,FLORIDA,50
2016,GEORGIA,39
2016,HAWAII,113
2016,IDAHO,34
2016,ILLINOIS,48
2016,INDIANA,62
2016,IOWA,48
2016,KANSAS,48
2016,KENTUCKY,46
2016,LOUISIANA,86
2016,MAINE,34
2016,MICHIGAN,60
2016,MINNESOTA,59
2016,MISSISSIPPI,85
2016,MISSOURI,62
2016,MONTANA,77
2016,NEBRASKA,46
2016,NEW JERSEY,27
2016,NEW YORK,57
2016,NORTH CAROLINA,37
2016,NORTH DAKOTA,78
2016,OHIO,79
2016,OREGON,35
2016,OTHER STATES,43
2016,PENNSYLVANIA,50
2016,SOUTH CAROLINA,45
2016,SOUTH DAKOTA,71
2016,TENNESSEE,55
2016,TEXAS,70
2016,UTAH,32
2016,VERMONT,52
2016,VIRGINIA,38
2016,WASHINGTON,35
2016,WEST VIRGINIA,32
2016,WISCONSIN,62
2016,WYOMING,68
2015,ALABAMA,47
2015,ARIZONA,49
2015,ARKANSAS,72
2015,CALIFORNIA,30
2015,COLORADO,51
2015,FLORIDA,54
2015,GEORGIA,40
2015,HAWAII,102
2015,IDAHO,32
2015,ILLINOIS,51
2015,INDIANA,53
2015,IOWA,50
2015,KANSAS,36
2015,KENTUCKY,46
2015,LOUISIANA,99
2015,MAINE,47
2015,MICHIGAN,58
2015,MINNESOTA,68
2015,MISSISSIPPI,83
2015,MISSOURI,52
2015,MONTANA,83
2015,NEBRASKA,48
2015,NEW JERSEY,27
2015,NEW YORK,62
2015,NORTH CAROLINA,45
2015,NORTH DAKOTA,74
2015,OHIO,50
2015,OREGON,38
2015,OTHER STATES,39
2015,PENNSYLVANIA,53
2015,SOUTH CAROLINA,67
2015,SOUTH DAKOTA,66
2015,TENNESSEE,59
2015,TEXAS,66
2015,UTAH,42
2015,VERMONT,52
2015,VIRGINIA,37
2015,WASHINGTON,44
2015,WEST VIRGINIA,35
2015,WISCONSIN,67
2015,WYOMING,77
2014,ALABAMA,53
2014,ARIZONA,39
2014,ARKANSAS,65
2014,CALIFORNIA,39
2014,COLORADO,37
2014,FLORIDA,60
2014,GEORGIA,62
2014,HAWAII,93
2014,IDAHO,34
2014,ILLINOIS,49
2014,INDIANA,62
2014,IOWA,43
2014,KANSAS,75
2014,KENTUCKY,47
2014,LOUISIANA,84
2014,MAINE,47
2014,MICHIGAN,63
2014,MINNESOTA,60
2014,MISSISSIPPI,112
2014,MISSOURI,47
2014,MONTANA,88
2014,NEBRASKA,75
2014,NEW JERSEY,30
2014,NEW YORK,55
2014,NORTH CAROLINA,43
2014,NORTH DAKOTA,86
2014,OHIO,61
2014,OREGON,40
2014,OTHER STATES,45
2014,PENNSYLVANIA,46
2014,SOUTH CAROLINA,54
2014,SOUTH DAKOTA,87
2014,TENNESSEE,63
2014,TEXAS,78
2014,UTAH,28
2014,VERMONT,58
2014,VIRGINIA,38
2014,WASHINGTON,44
2014,WEST VIRGINIA,31
2014,WISCONSIN,54
2014,WYOMING,61
2013,ALABAMA,52
2013,ARIZONA,36
2013,ARKANSAS,60
2013,CALIFORNIA,33
2013,COLORADO,43
2013,FLORIDA,61
2013,GEORGIA,50
2013,HAWAII,83
2013,IDAHO,32
2013,ILLINOIS,48
2013,INDIANA,47
2013,IOWA,48
2013,KANSAS,46
2013,KENTUCKY,41
2013,LOUISIANA,98
2013,MAINE,43
2013,MICHIGAN,55
2013,MINNESOTA,58
2013,MISSISSIPPI,116
2013,MISSOURI,47
2013,MONTANA,94
2013,NEBRASKA,60
2013,NEW JERSEY,44
2013,NEW YORK,48
2013,NORTH CAROLINA,38
2013,NORTH DAKOTA,69
2013,OHIO,45
2013,OREGON,35
2013,OTHER STATES,39
2013,PENNSYLVANIA,45
2013,SOUTH DAKOTA,56
2013,TENNESSEE,45
2013,TEXAS,59
2013,UTAH,34
2013,VERMONT,51
2013,VIRGINIA,35
2013,WASHINGTON,39
2013,WEST VIRGINIA,46
2013,WISCONSIN,60
2013,WYOMING,66
2012,ALABAMA,54
2012,ARIZONA,46
2012,ARKANSAS,63
2012,CALIFORNIA,35
2012,COLORADO,48
2012,FLORIDA,64
2012,GEORGIA,51
2012,HAWAII,75
2012,IDAHO,32
2012,ILLINOIS,61
2012,INDIANA,59
2012,IOWA,61
2012,KANSAS,55
2012,KENTUCKY,51
2012,LOUISIANA,86
2012,MAINE,34
2012,MICHIGAN,57
2012,MINNESOTA,67
2012,MISSISSIPPI,118
2012,MISSOURI,53
2012,MONTANA,52
2012,NEBRASKA,65
2012,NEW JERSEY,33
2012,NEW MEXICO,52
2012,NEW YORK,51
2012,NORTH CAROLINA,39
2012,NORTH DAKOTA,69
2012,OHIO,60
2012,OREGON,32
2012,OTHER STATES,46
2012,PENNSYLVANIA,60
2012,SOUTH DAKOTA,63
2012,TENNESSEE,61
2012,TEXAS,52
2012,UTAH,38
2012,VERMONT,60
2012,VIRGINIA,41
2012,WASHINGTON,41
2012,WEST VIRGINIA,48
2012,WISCONSIN,69
2012,WYOMING,51
2011,ALABAMA,50
2011,ARIZONA,53
2011,ARKANSAS,64
2011,CALIFORNIA,48
2011,COLORADO,55
2011,FLORIDA,61
2011,GEORGIA,43
2011,HAWAII,74
2011,IDAHO,36
2011,ILLINOIS,50
2011,INDIANA,51
2011,IOWA,62
2011,KANSAS,44
2011,KENTUCKY,39
2011,LOUISIANA,77
2011,MAINE,30
2011,MICHIGAN,64
2011,MINNESOTA,53
2011,MISSISSIPPI,115
2011,MISSOURI,43
2011,MONTANA,92
2011,NEBRASKA,59
2011,NEW JERSEY,41
2011,NEW MEXICO,56
2011,NEW YORK,56
2011,NORTH CAROLINA,62
2011,NORTH DAKOTA,71
2011,OHIO,66
2011,OREGON,34
2011,OTHER STATES,46
2011,PENNSYLVANIA,44
2011,SOUTH DAKOTA,66
2011,TENNESSEE,44
2011,TEXAS,58
2011,UTAH,39
2011,VERMONT,43
2011,VIRGINIA,40
2011,WASHINGTON,38
2011,WEST VIRGINIA,53
2011,WISCONSIN,63
2011,WYOMING,54
2010,ALABAMA,54
2010,ARIZONA,77
2010,ARKANSAS,60
2010,CALIFORNIA,67
2010,COLORADO,56
2010,FLORIDA,69
2010,GEORGIA,46
2010,HAWAII,77
2010,IDAHO,27
2010,ILLINOIS,41
2010,INDIANA,43
2010,IOWA,49
2010,KANSAS,52
2010,KENTUCKY,67
2010,LOUISIANA,80
2010,MAINE,41
2010,MICHIGAN,58
2010,MINNESOTA,66
2010,MISSISSIPPI,98
2010,MISSOURI,52
2010,MONTANA,74
2010,NEBRASKA,55
2010,NEW JERSEY,35
2010,NEW MEXICO,66
2010,NEW YORK,64
2010,NORTH CAROLINA,46
2010,NORTH DAKOTA,91
2010,OHIO,62
2010,OREGON,39
2010,OTHER STATES,45
2010,PENNSYLVANIA,37
2010,SOUTH DAKOTA,58
2010,TENNESSEE,63
2010,TEXAS,72
2010,UTAH,30
2010,VERMONT,65
2010,VIRGINIA,37
2010,WASHINGTON,37
2010,WEST VIRGINIA,40
2010,WISCONSIN,64
2010,WYOMING,36
2009,ALABAMA,50
2009,ARIZONA,52
2009,ARKANSAS,57
2009,CALIFORNIA,33
2009,COLORADO,53
2009,FLORIDA,68
2009,GEORGIA,41
2009,HAWAII,95
2009,IDAHO,46
2009,ILLINOIS,34
2009,INDIANA,32
2009,IOWA,42
2009,KANSAS,63
2009,KENTUCKY,35
2009,LOUISIANA,103
2009,MAINE,50
2009,MICHIGAN,60
2009,MINNESOTA,65
2009,MISSISSIPPI,104
2009,MISSOURI,47
2009,MONTANA,70
2009,NEBRASKA,56
2009,NEW JERSEY,32
2009,NEW MEXICO,60
2009,NEW YORK,65
2009,NORTH CAROLINA,45
2009,NORTH DAKOTA,77
2009,OHIO,50
2009,OREGON,34
2009,OTHER STATES,52
2009,PENNSYLVANIA,40
2009,SOUTH DAKOTA,66
2009,TENNESSEE,51
2009,TEXAS,63
2009,UTAH,38
2009,VERMONT,49
2009,VIRGINIA,39
2009,WASHINGTON,44
2009,WEST VIRGINIA,37
2009,WISCONSIN,60
2009,WYOMING,48
2008,ALABAMA,66
2008,ARIZONA,64
2008,ARKANSAS,75
2008,CALIFORNIA,51
2008,COLORADO,45
2008,FLORIDA,79
2008,GEORGIA,71
2008,HAWAII,90
2008,IDAHO,40
2008,ILLINOIS,56
2008,INDIANA,67
2008,IOWA,62
2008,KANSAS,61
2008,KENTUCKY,39
2008,LOUISIANA,77
2008,MAINE,42
2008,MICHIGAN,73
2008,MINNESOTA,78
2008,MISSISSIPPI,98
2008,MISSOURI,53
2008,MONTANA,70
2008,NEBRASKA,67
2008,NEVADA,29
2008,NEW JERSEY,40
2008,NEW MEXICO,48
2008,NEW YORK,70
2008,NORTH CAROLINA,52
2008,NORTH DAKOTA,90
2008,OHIO,53
2008,OREGON,43
2008,OTHER STATES,51
2008,PENNSYLVANIA,48
2008,SOUTH DAKOTA,95
2008,TENNESSEE,61
2008,TEXAS,64
2008,UTAH,48
2008,VERMONT,66
2008,VIRGINIA,42
2008,WASHINGTON,44
2008,WEST VIRGINIA,43
2008,WISCONSIN,80
2008,WYOMING,61
2007,ALABAMA,56
2007,ARIZONA,64
2007,ARKANSAS,80
2007,CALIFORNIA,40
2007,COLORADO,51
2007,FLORIDA,71
2007,GEORGIA,58
2007,HAWAII,92
2007,IDAHO,41
2007,ILLINOIS,63
2007,INDIANA,53
2007,IOWA,81
2007,KANSAS,40
2007,KENTUCKY,61
2007,LOUISIANA,89
2007,MAINE,26
2007,MICHIGAN,64
2007,MINNESOTA,68
2007,MISSISSIPPI,92
2007,MISSOURI,46
2007,MONTANA,68
2007,NEBRASKA,49
2007,NEVADA,28
2007,NEW JERSEY,57
2007,NEW MEXICO,59
2007,NEW YORK,57
2007,NORTH CAROLINA,45
2007,NORTH DAKOTA,74
2007,OHIO,61
2007,OREGON,43
2007,OTHER STATES,48
2007,PENNSYLVANIA,42
2007,SOUTH DAKOTA,52
2007,TENNESSEE,65
2007,TEXAS,82
2007,UTAH,42
2007,VERMONT,64
2007,VIRGINIA,46
2007,WASHINGTON,44
2007,WEST VIRGINIA,48
2007,WISCONSIN,84
2007,WYOMING,80
2006,ALABAMA,72
2006,ARIZONA,65
2006,ARKANSAS,76
2006,CALIFORNIA,52
2006,COLORADO,75
2006,FLORIDA,81
2006,GEORGIA,74
2006,HAWAII,93
2006,IDAHO,44
2006,ILLINOIS,66
2006,INDIANA,54
2006,IOWA,84
2006,KANSAS,55
2006,KENTUCKY,56
2006,LOUISIANA,90
2006,MAINE,23
2006,MICHIGAN,55
2006,MINNESOTA,80
2006,MISSISSIPPI,98
2006,MISSOURI,46
2006,MONTANA,79
2006,NEBRASKA,73
2006,NEVADA,37
2006,NEW JERSEY,36
2006,NEW MEXICO,48
2006,NEW YORK,64
2006,NORTH CAROLINA,50
2006,NORTH DAKOTA,74
2006,OHIO,56
2006,OREGON,48
2006,OTHER STATES,42
2006,PENNSYLVANIA,40
2006,SOUTH DAKOTA,47
2006,TENNESSEE,55
2006,TEXAS,70
2006,UTAH,50
2006,VERMONT,56
2006,VIRGINIA,42
2006,WASHINGTON,52
2006,WEST VIRGINIA,42
2006,WISCONSIN,93
2006,WYOMING,85
2005,ALABAMA,66
2005,ARIZONA,50
2005,ARKANSAS,69
2005,CALIFORNIA,75
2005,COLORADO,70
2005,FLORIDA,86
2005,GEORGIA,49
2005,HAWAII,131
2005,IDAHO,37
2005,ILLINOIS,85
2005,INDIANA,64
2005,IOWA,88
2005,KANSAS,50
2005,KENTUCKY,50
2005,LOUISIANA,97
2005,MAINE,26
2005,MICHIGAN,68
2005,MINNESOTA,74
2005,MISSISSIPPI,80
2005,MISSOURI,50
2005,MONTANA,67
2005,NEBRASKA,68
2005,NEVADA,46
2005,NEW JERSEY,32
2005,NEW MEXICO,49
2005,NEW YORK,73
2005,NORTH CAROLINA,54
2005,NORTH DAKOTA,91
2005,OHIO,69
2005,OREGON,42
2005,OTHER STATES,43
2005,PENNSYLVANIA,56
2005,SOUTH DAKOTA,79
2005,TENNESSEE,55
2005,TEXAS,71
2005,UTAH,45
2005,VERMONT,91
2005,VIRGINIA,37
2005,WASHINGTON,55
2005,WEST VIRGINIA,51
2005,WISCONSIN,83
2005,WYOMING,56
2004,ALABAMA,87
2004,ARIZONA,55
2004,ARKANSAS,57
2004,CALIFORNIA,45
2004,COLORADO,80
2004,FLORIDA,98
2004,GEORGIA,49
2004,HAWAII,96
2004,IDAHO,63
2004,ILLINOIS,55
2004,INDIANA,59
2004,IOWA,67
2004,KANSAS,80
2004,KENTUCKY,56
2004,LOUISIANA,98
2004,MAINE,31
2004,MICHIGAN,67
2004,MINNESOTA,75
2004,MISSISSIPPI,65
2004,MISSOURI,41
2004,MONTANA,77
2004,NEBRASKA,89
2004,NEVADA,55
2004,NEW JERSEY,27
2004,NEW MEXICO,44
2004,NEW YORK,67
2004,NORTH CAROLINA,40
2004,NORTH DAKOTA,78
2004,OHIO,58
2004,OREGON,54
2004,OTHER STATES,51
2004,PENNSYLVANIA,54
2004,SOUTH DAKOTA,105
2004,TENNESSEE,54
2004,TEXAS,76
2004,UTAH,70
2004,VERMONT,68
2004,VIRGINIA,38
2004,WASHINGTON,63
2004,WEST VIRGINIA,55
2004,WISCONSIN,86
2004,WYOMING,75
2003,ALABAMA,82
2003,ARIZONA,72
2003,ARKANSAS,75
2003,CALIFORNIA,67
2003,COLORADO,86
2003,FLORIDA,71
2003,GEORGIA,65
2003,HAWAII,114
2003,IDAHO,46
2003,ILLINOIS,60
2003,INDIANA,56
2003,IOWA,59
2003,KANSAS,57
2003,KENTUCKY,48
2003,LOUISIANA,90
2003,MAINE,33
2003,MARYLAND,42
2003,MICHIGAN,74
2003,MINNESOTA,83
2003,MISSISSIPPI,69
2003,MISSOURI,53
2003,MONTANA,66
2003,NEBRASKA,74
2003,NEVADA,64
2003,NEW JERSEY,19
2003,NEW MEXICO,41
2003,NEW YORK,72
2003,NORTH CAROLINA,44
2003,NORTH DAKOTA,87
2003,OHIO,50
2003,OKLAHOMA,47
2003,OREGON,51
2003,OTHER STATES,44
2003,PENNSYLVANIA,50
2003,SOUTH CAROLINA,70
2003,SOUTH DAKOTA,70
2003,TENNESSEE,40
2003,TEXAS,67
2003,UTAH,57
2003,VERMONT,83
2003,VIRGINIA,37
2003,WASHINGTON,56
2003,WEST VIRGINIA,47
2003,WISCONSIN,77
2003,WYOMING,81
2002,ALABAMA,86
2002,ARIZONA,63
2002,ARKANSAS,88
2002,CALIFORNIA,50
2002,COLORADO,60
2002,FLORIDA,93
2002,GEORGIA,52
2002,HAWAII,136
2002,IDAHO,57
2002,ILLINOIS,80
2002,INDIANA,62
2002,IOWA,70
2002,KANSAS,52
2002,KENTUCKY,54
2002,LOUISIANA,124
2002,MAINE,41
2002,MARYLAND,46
2002,MICHIGAN,77
2002,MINNESOTA,73
2002,MISSISSIPPI,78
2002,MISSOURI,50
2002,MONTANA,63
2002,NEBRASKA,75
2002,NEVADA,62
2002,NEW JERSEY,40
2002,NEW MEXICO,44
2002,NEW YORK,98
2002,NORTH CAROLINA,42
2002,NORTH DAKOTA,75
2002,OHIO,70
2002,OKLAHOMA,53
2002,OREGON,49
2002,OTHER STATES,50
2002,PENNSYLVANIA,57
2002,SOUTH CAROLINA,94
2002,SOUTH DAKOTA,51
2002,TENNESSEE,61
2002,TEXAS,67
2002,UTAH,59
2002,VERMONT,89
2002,VIRGINIA,38
2002,WASHINGTON,51
2002,WEST VIRGINIA,51
2002,WISCONSIN,95
2002,WYOMING,63
2001,ALABAMA,73
2001,ARIZONA,59
2001,ARKANSAS,98
2001,CALIFORNIA,61
2001,COLORADO,55
2001,FLORIDA,100
2001,GEORGIA,57
2001,HAWAII,87
2001,IDAHO,46
2001,ILLINOIS,76
2001,INDIANA,76
2001,IOWA,51
2001,KANSAS,51
2001,KENTUCKY,78
2001,LOUISIANA,106
2001,MAINE,20
2001,MARYLAND,46
2001,MICHIGAN,60
2001,MINNESOTA,81
2001,MISSISSIPPI,66
2001,MISSOURI,61
2001,MONTANA,102
2001,NEBRASKA,48
2001,NEVADA,50
2001,NEW JERSEY,34
2001,NEW MEXICO,70
2001,NEW YORK,70
2001,NORTH CAROLINA,44
2001,NORTH DAKOTA,96
2001,OHIO,81
2001,OKLAHOMA,47
2001,OREGON,44
2001,OTHER STATES,38
2001,PENNSYLVANIA,57
2001,SOUTH CAROLINA,40
2001,SOUTH DAKOTA,65
2001,TENNESSEE,59
2001,TEXAS,79
2001,UTAH,38
2001,VERMONT,81
2001,VIRGINIA,52
2001,WASHINGTON,52
2001,WEST VIRGINIA,65
2001,WISCONSIN,81
2001,WYOMING,77
2000,ALABAMA,78
2000,ARIZONA,59
2000,ARKANSAS,93
2000,CALIFORNIA,70
2000,COLORADO,60
2000,FLORIDA,105
2000,GEORGIA,57
2000,HAWAII,112
2000,IDAHO,47
2000,ILLINOIS,61
2000,INDIANA,65
2000,IOWA,67
2000,KANSAS,68
2000,KENTUCKY,48
2000,LOUISIANA,94
2000,MAINE,21
2000,MARYLAND,46
2000,MICHIGAN,75
2000,MINNESOTA,90
2000,MISSISSIPPI,72
2000,MISSOURI,75
2000,MONTANA,88
2000,NEBRASKA,87
2000,NEVADA,35
2000,NEW JERSEY,35
2000,NEW MEXICO,64
2000,NEW YORK,80
2000,NORTH CAROLINA,49
2000,NORTH DAKOTA,115
2000,OHIO,65
2000,OKLAHOMA,35
2000,OREGON,51
2000,OTHER STATES,40
2000,PENNSYLVANIA,45
2000,SOUTH DAKOTA,121
2000,TENNESSEE,61
2000,TEXAS,79
2000,UTAH,41
2000,VERMONT,59
2000,VIRGINIA,42
2000,WASHINGTON,54
2000,WEST VIRGINIA,54
2000,WISCONSIN,90
2000,WYOMING,93
1999,ALABAMA,68
1999,ARIZONA,62
1999,ARKANSAS,89
1999,CALIFORNIA,60
1999,COLORADO,76
1999,FLORIDA,102
1999,GEORGIA,51
1999,HAWAII,80
1999,IDAHO,48
1999,ILLINOIS,66
1999,INDIANA,81
1999,IOWA,65
1999,KANSAS,67
1999,KENTUCKY,50
1999,LOUISIANA,114
1999,MAINE,22
1999,MARYLAND,46
1999,MICHIGAN,85
1999,MINNESOTA,82
1999,MISSISSIPPI,73
1999,MISSOURI,65
1999,MONTANA,70
1999,NEBRASKA,77
1999,NEVADA,45
1999,NEW JERSEY,44
1999,NEW MEXICO,52
1999,NEW YORK,70
1999,NORTH CAROLINA,46
1999,NORTH DAKOTA,105
1999,OHIO,74
1999,OKLAHOMA,45
1999,OREGON,57
1999,OTHER STATES,45
1999,PENNSYLVANIA,60
1999,SOUTH DAKOTA,104
1999,TENNESSEE,51
1999,TEXAS,81
1999,UTAH,45
1999,VERMONT,66
1999,VIRGINIA,35
1999,WASHINGTON,50
1999,WEST VIRGINIA,39
1999,WISCONSIN,75
1999,WYOMING,72
1998,ALABAMA,71
1998,ARIZONA,60
1998,ARKANSAS,65
1998,CALIFORNIA,83
1998,COLORADO,72
1998,FLORIDA,98
1998,GEORGIA,56
1998,HAWAII,118
1998,IDAHO,50
1998,ILLINOIS,71
1998,INDIANA,92
1998,IOWA,78
1998,KANSAS,46
1998,KENTUCKY,50
1998,LOUISIANA,111
1998,MAINE,26
1998,MARYLAND,44
1998,MICHIGAN,85
1998,MINNESOTA,79
1998,MISSISSIPPI,86
1998,MISSOURI,66
1998,MONTANA,122
1998,NEBRASKA,70
1998,NEVADA,46
1998,NEW JERSEY,49
1998,NEW MEXICO,55
1998,NEW YORK,80
1998,NORTH CAROLINA,59
1998,NORTH DAKOTA,128
1998,OHIO,78
1998,OKLAHOMA,51
1998,OREGON,45
1998,OTHER STATES,63
1998,PENNSYLVANIA,66
1998,SOUTH DAKOTA,95
1998,TENNESSEE,64
1998,TEXAS,77
1998,UTAH,58
1998,VERMONT,64
1998,VIRGINIA,37
1998,WASHINGTON,51
1998,WEST VIRGINIA,55
1998,WISCONSIN,91
1998,WYOMING,60
1997,ALABAMA,66
1997,ARIZONA,80
1997,ARKANSAS,95
1997,CALIFORNIA,75
1997,COLORADO,55
1997,FLORIDA,67
1997,GEORGIA,46
1997,HAWAII,146
1997,IDAHO,64
1997,ILLINOIS,69
1997,INDIANA,71
1997,IOWA,74
1997,KANSAS,71
1997,KENTUCKY,60
1997,LOUISIANA,115
1997,MAINE,19
1997,MARYLAND,40
1997,MICHIGAN,70
1997,MINNESOTA,73
1997,MISSISSIPPI,73
1997,MISSOURI,77
1997,MONTANA,120
1997,NEBRASKA,67
1997,NEVADA,61
1997,NEW JERSEY,49
1997,NEW MEXICO,60
1997,NEW YORK,60
1997,NORTH CAROLINA,58
1997,NORTH DAKOTA,100
1997,OHIO,80
1997,OKLAHOMA,58
1997,OREGON,53
1997,OTHER STATES,81
1997,PENNSYLVANIA,48
1997,SOUTH DAKOTA,65
1997,TENNESSEE,62
1997,TEXAS,106
1997,UTAH,52
1997,VERMONT,63
1997,VIRGINIA,53
1997,WASHINGTON,52
1997,WEST VIRGINIA,70
1997,WISCONSIN,60
1997,WYOMING,62
1996,ALABAMA,64
1996,ARIZONA,60
1996,ARKANSAS,84
1996,CALIFORNIA,70
1996,COLORADO,74
1996,FLORIDA,105
1996,GEORGIA,68
1996,HAWAII,155
1996,IDAHO,45
1996,ILLINOIS,74
1996,INDIANA,75
1996,IOWA,67
1996,KANSAS,51
1996,KENTUCKY,60
1996,LOUISIANA,106
1996,MAINE,23
1996,MARYLAND,32
1996,MICHIGAN,96
1996,MINNESOTA,77
1996,MISSISSIPPI,80
1996,MISSOURI,74
1996,MONTANA,60
1996,NEBRASKA,75
1996,NEVADA,61
1996,NEW JERSEY,45
1996,NEW MEXICO,77
1996,NEW YORK,80
1996,NORTH CAROLINA,44
1996,NORTH DAKOTA,86
1996,OHIO,70
1996,OKLAHOMA,59
1996,OREGON,59
1996,OTHER STATES,31
1996,PENNSYLVANIA,46
1996,SOUTH CAROLINA,90
1996,SOUTH DAKOTA,97
1996,TENNESSEE,64
1996,TEXAS,83
1996,UTAH,46
1996,VERMONT,83
1996,VIRGINIA,50
1996,WASHINGTON,58
1996,WEST VIRGINIA,59
1996,WISCONSIN,78
1996,WYOMING,73
1995,ALABAMA,58
1995,ARIZONA,79
1995,ARKANSAS,60
1995,CALIFORNIA,93
1995,COLORADO,60
1995,FLORIDA,86
1995,GEORGIA,62
1995,HAWAII,129
1995,IDAHO,48
1995,ILLINOIS,74
1995,INDIANA,63
1995,IOWA,68
1995,KANSAS,67
1995,KENTUCKY,44
1995,LOUISIANA,119
1995,MAINE,45
1995,MARYLAND,35
1995,MICHIGAN,92
1995,MINNESOTA,82
1995,MISSISSIPPI,70
1995,MISSOURI,67
1995,MONTANA,80
1995,NEBRASKA,73
1995,NEVADA,29
1995,NEW JERSEY,34
1995,NEW MEXICO,65
1995,NEW YORK,75
1995,NORTH CAROLINA,52
1995,NORTH DAKOTA,108
1995,OHIO,62
1995,OKLAHOMA,76
1995,OREGON,52
1995,OTHER STATES,33
1995,PENNSYLVANIA,43
1995,SOUTH CAROLINA,90
1995,SOUTH DAKOTA,85
1995,TENNESSEE,53
1995,TEXAS,106
1995,UTAH,33
1995,VERMONT,67
1995,VIRGINIA,45
1995,WASHINGTON,59
1995,WEST VIRGINIA,41
1995,WISCONSIN,79
1995,WYOMING,36
1994,ALABAMA,50
1994,ARIZONA,59
1994,ARKANSAS,71
1994,CALIFORNIA,60
1994,COLORADO,76
1994,FLORIDA,84
1994,GEORGIA,63
1994,HAWAII,100
1994,IDAHO,59
1994,ILLINOIS,80
1994,INDIANA,54
1994,IOWA,66
1994,KANSAS,47
1994,KENTUCKY,54
1994,LOUISIANA,98
1994,MAINE,55
1994,MARYLAND,36
1994,MICHIGAN,86
1994,MINNESOTA,79
1994,MISSISSIPPI,53
1994,MISSOURI,77
1994,MONTANA,105
1994,NEBRASKA,55
1994,NEVADA,54
1994,NEW JERSEY,33
1994,NEW MEXICO,64
1994,NEW YORK,68
1994,NORTH CAROLINA,59
1994,NORTH DAKOTA,138
1994,OHIO,64
1994,OKLAHOMA,58
1994,OREGON,65
1994,OTHER STATES,37
1994,PENNSYLVANIA,47
1994,SOUTH CAROLINA,100
1994,SOUTH DAKOTA,100
1994,TENNESSEE,51
1994,TEXAS,74
1994,UTAH,59
1994,VERMONT,77
1994,VIRGINIA,52
1994,WASHINGTON,62
1994,WEST VIRGINIA,44
1994,WISCONSIN,71
1994,WYOMING,69
1993,ALABAMA,45
1993,ARIZONA,77
1993,ARKANSAS,73
1993,CALIFORNIA,90
1993,COLORADO,73
1993,FLORIDA,113
1993,GEORGIA,56
1993,HAWAII,177
1993,IDAHO,71
1993,ILLINOIS,48
1993,INDIANA,66
1993,IOWA,49
1993,KANSAS,57
1993,KENTUCKY,60
1993,LOUISIANA,86
1993,MAINE,50
1993,MARYLAND,27
1993,MICHIGAN,77
1993,MINNESOTA,80
1993,MISSISSIPPI,61
1993,MISSOURI,73
1993,MONTANA,98
1993,NEBRASKA,70
1993,NEVADA,52
1993,NEW JERSEY,28
1993,NEW MEXICO,64
1993,NEW YORK,62
1993,NORTH CAROLINA,53
1993,NORTH DAKOTA,90
1993,OHIO,66
1993,OKLAHOMA,67
1993,OREGON,67
1993,OTHER STATES,40
1993,PENNSYLVANIA,40
1993,SOUTH CAROLINA,90
1993,SOUTH DAKOTA,98
1993,TENNESSEE,51
1993,TEXAS,82
1993,UTAH,53
1993,VERMONT,82
1993,VIRGINIA,54
1993,WASHINGTON,45
1993,WEST VIRGINIA,37
1993,WISCONSIN,82
1993,WYOMING,55
1992,ALABAMA,41
1992,ARIZONA,54
1992,ARKANSAS,65
1992,CALIFORNIA,67
1992,COLORADO,74
1992,FLORIDA,104
1992,GEORGIA,55
1992,HAWAII,138
1992,IDAHO,51
1992,ILLINOIS,53
1992,INDIANA,31
1992,IOWA,62
1992,KANSAS,58
1992,KENTUCKY,30
1992,LOUISIANA,107
1992,MAINE,22
1992,MARYLAND,23
1992,MICHIGAN,68
1992,MINNESOTA,90
1992,MISSISSIPPI,65
1992,MISSOURI,73
1992,MONTANA,110
1992,NEBRASKA,75
1992,NEVADA,65
1992,NEW JERSEY,22
1992,NEW MEXICO,68
1992,NEW YORK,66
1992,NORTH CAROLINA,45
1992,NORTH DAKOTA,91
1992,OHIO,33
1992,OKLAHOMA,52
1992,OREGON,49
1992,OTHER STATES,26
1992,PENNSYLVANIA,41
1992,SOUTH CAROLINA,69
1992,SOUTH DAKOTA,85
1992,TENNESSEE,43
1992,TEXAS,85
1992,UTAH,56
1992,VERMONT,63
1992,VIRGINIA,38
1992,WASHINGTON,44
1992,WEST VIRGINIA,55
1992,WISCONSIN,66
1992,WYOMING,70
1991,ALABAMA,24
1991,ARIZONA,50
1991,ARKANSAS,79
1991,CALIFORNIA,63
1991,COLORADO,79
1991,FLORIDA,83
1991,GEORGIA,42
1991,HAWAII,131
1991,IDAHO,46
1991,ILLINOIS,52
1991,INDIANA,50
1991,IOWA,59
1991,KANSAS,52
1991,KENTUCKY,25
1991,LOUISIANA,70
1991,MAINE,42
1991,MARYLAND,25
1991,MICHIGAN,73
1991,MINNESOTA,91
1991,MISSISSIPPI,36
1991,MISSOURI,65
1991,MONTANA,92
1991,NEBRASKA,67
1991,NEVADA,54
1991,NEW JERSEY,31
1991,NEW MEXICO,77
1991,NEW YORK,62
1991,NORTH CAROLINA,58
1991,NORTH DAKOTA,103
1991,OHIO,61
1991,OKLAHOMA,70
1991,OREGON,46
1991,OTHER STATES,21
1991,PENNSYLVANIA,45
1991,SOUTH CAROLINA,61
1991,SOUTH DAKOTA,101
1991,TENNESSEE,38
1991,TEXAS,78
1991,UTAH,34
1991,VERMONT,75
1991,VIRGINIA,33
1991,WASHINGTON,42
1991,WEST VIRGINIA,24
1991,WISCONSIN,67
1991,WYOMING,52
1990,ALABAMA,38
1990,ARIZONA,48
1990,ARKANSAS,84
1990,CALIFORNIA,42
1990,COLORADO,64
1990,CONNECTICUT,52
1990,DELAWARE,11
1990,FLORIDA,95
1990,GEORGIA,50
1990,HAWAII,157
1990,IDAHO,40
1990,ILLINOIS,40
1990,INDIANA,47
1990,IOWA,54
1990,KANSAS,67
1990,KENTUCKY,44
1990,LOUISIANA,89
1990,MAINE,24
1990,MARYLAND,19
1990,MASSACHUSETTS,13
1990,MICHIGAN,80
1990,MINNESOTA,74
1990,MISSISSIPPI,62
1990,MISSOURI,63
1990,MONTANA,81
1990,NEBRASKA,56
1990,NEVADA,58
1990,NEW HAMPSHIRE,54
1990,NEW JERSEY,21
1990,NEW MEXICO,71
1990,NEW YORK,54
1990,NORTH CAROLINA,50
1990,NORTH DAKOTA,82
1990,OHIO,51
1990,OKLAHOMA,50
1990,OREGON,42
1990,PENNSYLVANIA,28
1990,RHODE ISLAND,31
1990,SOUTH CAROLINA,41
1990,SOUTH DAKOTA,81
1990,TENNESSEE,33
1990,TEXAS,67
1990,UTAH,37
1990,VERMONT,65
1990,VIRGINIA,34
1990,WASHINGTON,55
1990,WEST VIRGINIA,30
1990,WISCONSIN,75
1990,WYOMING,57
1989,ALABAMA,20
1989,ARIZONA,45
1989,ARKANSAS,61
1989,CALIFORNIA,34
1989,COLORADO,66
1989,CONNECTICUT,40
1989,DELAWARE,10
1989,FLORIDA,60
1989,GEORGIA,27
1989,HAWAII,135
1989,IDAHO,54
1989,ILLINOIS,38
1989,INDIANA,35
1989,IOWA,90
1989,KANSAS,46
1989,KENTUCKY,29
1989,LOUISIANA,85
1989,MAINE,24
1989,MARYLAND,16
1989,MASSACHUSETTS,23
1989,MICHIGAN,70
1989,MINNESOTA,92
1989,MISSISSIPPI,33
1989,MISSOURI,62
1989,MONTANA,63
1989,NEBRASKA,62
1989,NEVADA,54
1989,NEW HAMPSHIRE,35
1989,NEW JERSEY,23
1989,NEW MEXICO,50
1989,NEW YORK,59
1989,NORTH CAROLINA,38
1989,NORTH DAKOTA,56
1989,OHIO,20
1989,OKLAHOMA,65
1989,OREGON,39
1989,PENNSYLVANIA,39
1989,RHODE ISLAND,39
1989,SOUTH CAROLINA,19
1989,SOUTH DAKOTA,49
1989,TENNESSEE,25
1989,TEXAS,56
1989,UTAH,44
1989,VERMONT,61
1989,VIRGINIA,20
1989,WASHINGTON,46
1989,WEST VIRGINIA,44
1989,WISCONSIN,74
1989,WYOMING,47
1988,ALABAMA,42
1988,ARIZONA,49
1988,ARKANSAS,67
1988,CALIFORNIA,40
1988,COLORADO,83
1988,CONNECTICUT,46
1988,DELAWARE,26
1988,FLORIDA,105
1988,GEORGIA,41
1988,HAWAII,179
1988,IDAHO,53
1988,ILLINOIS,69
1988,INDIANA,65
1988,IOWA,129
1988,KANSAS,69
1988,KENTUCKY,40
1988,LOUISIANA,90
1988,MAINE,26
1988,MARYLAND,25
1988,MASSACHUSETTS,18
1988,MICHIGAN,73
1988,MINNESOTA,129
1988,MISSISSIPPI,66
1988,MISSOURI,80
1988,MONTANA,48
1988,NEBRASKA,96
1988,NEVADA,30
1988,NEW HAMPSHIRE,34
1988,NEW JERSEY,31
1988,NEW MEXICO,57
1988,NEW YORK,59
1988,NORTH CAROLINA,46
1988,NORTH DAKOTA,66
1988,OHIO,48
1988,OKLAHOMA,55
1988,OREGON,52
1988,PENNSYLVANIA,46
1988,RHODE ISLAND,39
1988,SOUTH CAROLINA,40
1988,SOUTH DAKOTA,74
1988,TENNESSEE,40
1988,TEXAS,76
1988,UTAH,41
1988,VERMONT,51
1988,VIRGINIA,56
1988,WASHINGTON,47
1988,WEST VIRGINIA,35
1988,WISCONSIN,99
1988,WYOMING,71
1987,ALABAMA,35
1987,ARIZONA,47
1987,ARKANSAS,69
1987,CALIFORNIA,33
1987,COLORADO,73
1987,CONNECTICUT,34
1987,DELAWARE,29
1987,FLORIDA,79
1987,GEORGIA,38
1987,HAWAII,190
1987,IDAHO,60
1987,ILLINOIS,75
1987,INDIANA,58
1987,IOWA,103
1987,KANSAS,51
1987,KENTUCKY,25
1987,LOUISIANA,75
1987,MAINE,46
1987,MARYLAND,35
1987,MASSACHUSETTS,15
1987,MICHIGAN,68
1987,MINNESOTA,108
1987,MISSISSIPPI,60
1987,MISSOURI,65
1987,MONTANA,102
1987,NEBRASKA,90
1987,NEVADA,30
1987,NEW HAMPSHIRE,32
1987,NEW JERSEY,34
1987,NEW MEXICO,50
1987,NEW YORK,44
1987,NORTH CAROLINA,48
1987,NORTH DAKOTA,110
1987,OHIO,50
1987,OKLAHOMA,70
1987,OREGON,42
1987,PENNSYLVANIA,39
1987,RHODE ISLAND,32
1987,SOUTH CAROLINA,34
1987,SOUTH DAKOTA,134
1987,TENNESSEE,55
1987,TEXAS,74
1987,UTAH,48
1987,VERMONT,46
1987,VIRGINIA,48
1987,WASHINGTON,55
1987,WEST VIRGINIA,41
1987,WISCONSIN,97
1987,WYOMING,74
